LECROYWR104MXi,22915,Waveform
Segments,1,SegmentSize,2002
Segment,TrigTime,TimeSinceSegment1
#1,15-Mar-2016 07:34:24,0                 
Time,Ampl
-2.165953e-008,-0.0129889
-2.155953e-008,-0.00658919
-2.145953e-008,-0.00978906
-2.135953e-008,-0.00338931
-2.125953e-008,-0.00338931
-2.115953e-008,-0.000189433
-2.105953e-008,0.00621032
-2.095953e-008,-0.00338931
-2.085953e-008,0.00301044
-2.075953e-008,-0.00338931
-2.065953e-008,-0.00338931
-2.055953e-008,-0.00338931
-2.045953e-008,-0.00978906
-2.035953e-008,-0.00978906
-2.025953e-008,-0.00978906
-2.015953e-008,-0.000189433
-2.005953e-008,-0.00338931
-1.995953e-008,-0.000189433
-1.985953e-008,-0.000189433
-1.975953e-008,-0.00338931
-1.965953e-008,-0.00658919
-1.955953e-008,-0.00658919
-1.945953e-008,-0.00338931
-1.935953e-008,0.00301044
-1.925953e-008,-0.000189433
-1.915953e-008,0.00621032
-1.905953e-008,-0.000189433
-1.895953e-008,-0.00338931
-1.885953e-008,-0.00338931
-1.875953e-008,-0.00658919
-1.865953e-008,-0.00658919
-1.855953e-008,-0.00658919
-1.845953e-008,-0.00658919
-1.835953e-008,-0.00338931
-1.825953e-008,-0.00658919
-1.815953e-008,-0.00658919
-1.805953e-008,-0.0129889
-1.795953e-008,-0.00658919
-1.785953e-008,-0.00658919
-1.775953e-008,-0.00978906
-1.765953e-008,-0.00978906
-1.755953e-008,-0.00338931
-1.745953e-008,-0.00658919
-1.735953e-008,-0.00338931
-1.725953e-008,-0.00658919
-1.715953e-008,0.00301044
-1.705953e-008,-0.00338931
-1.695953e-008,-0.00978906
-1.685953e-008,-0.0129889
-1.675953e-008,-0.00338931
-1.665953e-008,-0.00338931
-1.655953e-008,-0.00338931
-1.645953e-008,-0.00338931
-1.635953e-008,-0.00658919
-1.625953e-008,-0.00658919
-1.615953e-008,-0.000189433
-1.605953e-008,0.0094102
-1.595953e-008,0.00621032
-1.585953e-008,-0.00338931
-1.575953e-008,-0.000189433
-1.565953e-008,-0.00338931
-1.555953e-008,-0.000189433
-1.545953e-008,-0.000189433
-1.535953e-008,-0.000189433
-1.525953e-008,-0.00658919
-1.515953e-008,-0.00338931
-1.505953e-008,-0.00338931
-1.495953e-008,-0.00658919
-1.485953e-008,-0.00338931
-1.475953e-008,-0.00338931
-1.465953e-008,-0.00338931
-1.455953e-008,-0.00338931
-1.445953e-008,-0.0129889
-1.435953e-008,-0.00658919
-1.425953e-008,-0.00338931
-1.415953e-008,-0.000189433
-1.405953e-008,-0.00658919
-1.395953e-008,-0.00658919
-1.385953e-008,-0.00978906
-1.375953e-008,-0.00338931
-1.365953e-008,-0.00658919
-1.355953e-008,-0.000189433
-1.345953e-008,-0.000189433
-1.335953e-008,-0.00338931
-1.325953e-008,-0.000189433
-1.315953e-008,-0.000189433
-1.305953e-008,0.00301044
-1.295953e-008,0.00621032
-1.285953e-008,-0.000189433
-1.275953e-008,0.00301044
-1.265953e-008,-0.000189433
-1.255953e-008,-0.000189433
-1.245953e-008,-0.00338931
-1.235953e-008,0.00301044
-1.225953e-008,-0.000189433
-1.215953e-008,-0.000189433
-1.205953e-008,-0.00658919
-1.195953e-008,-0.00978906
-1.185953e-008,-0.00658919
-1.175953e-008,-0.00978906
-1.165953e-008,-0.00658919
-1.155953e-008,-0.00658919
-1.145953e-008,-0.00978906
-1.135953e-008,-0.0129889
-1.125953e-008,-0.00978906
-1.115953e-008,-0.00338931
-1.105953e-008,-0.00338931
-1.095953e-008,-0.00338931
-1.085953e-008,-0.000189433
-1.075953e-008,-0.00658919
-1.065953e-008,-0.000189433
-1.055953e-008,0.00301044
-1.045953e-008,0.00301044
-1.035953e-008,0.00621032
-1.025953e-008,0.00621032
-1.015953e-008,0.00621032
-1.005953e-008,0.00301044
-9.959534e-009,0.00621032
-9.859534e-009,-0.000189433
-9.759534e-009,0.00301044
-9.659534e-009,-0.00658919
-9.559534e-009,-0.00338931
-9.459534e-009,-0.00338931
-9.359534e-009,-0.00338931
-9.259534e-009,0.00301044
-9.159534e-009,0.00301044
-9.059534e-009,-0.00978906
-8.959534e-009,-0.0129889
-8.859534e-009,-0.0161888
-8.759534e-009,-0.0129889
-8.659534e-009,-0.00978906
-8.559534e-009,-0.00658919
-8.459534e-009,-0.00978906
-8.359534e-009,-0.00658919
-8.259534e-009,-0.00658919
-8.159534e-009,-0.00338931
-8.059534e-009,-0.00978906
-7.959534e-009,-0.000189433
-7.859534e-009,-0.00658919
-7.759534e-009,-0.00338931
-7.659534e-009,-0.00658919
-7.559534e-009,0.00301044
-7.459534e-009,0.00301044
-7.359534e-009,0.00621032
-7.259534e-009,-0.00338931
-7.159534e-009,-0.00338931
-7.059534e-009,-0.00978906
-6.959534e-009,-0.00338931
-6.859534e-009,-0.00338931
-6.759534e-009,-0.000189433
-6.659534e-009,0.00301044
-6.559534e-009,-0.000189433
-6.459534e-009,-0.000189433
-6.359534e-009,-0.000189433
-6.259534e-009,-0.00338931
-6.159534e-009,-0.00658919
-6.059534e-009,-0.00978906
-5.959534e-009,-0.00978906
-5.859534e-009,-0.00658919
-5.759534e-009,-0.00338931
-5.659534e-009,-0.00338931
-5.559534e-009,-0.00978906
-5.459534e-009,-0.0129889
-5.359534e-009,-0.00978906
-5.259534e-009,-0.00978906
-5.159534e-009,-0.00338931
-5.059534e-009,-0.00658919
-4.959534e-009,-0.00658919
-4.859534e-009,-0.00978906
-4.759534e-009,-0.00658919
-4.659534e-009,0.00301044
-4.559534e-009,0.00621032
-4.459534e-009,0.00301044
-4.359534e-009,0.00301044
-4.259534e-009,-0.00658919
-4.159534e-009,-0.00338931
-4.059534e-009,-0.000189433
-3.959534e-009,0.00301044
-3.859534e-009,0.00301044
-3.759534e-009,-0.000189433
-3.659534e-009,-0.000189433
-3.559534e-009,-0.00338931
-3.459534e-009,-0.000189433
-3.359534e-009,-0.000189433
-3.259534e-009,-0.00978906
-3.159534e-009,-0.00978906
-3.059534e-009,-0.00658919
-2.959534e-009,-0.00338931
-2.859534e-009,-0.000189433
-2.759534e-009,0.00301044
-2.659534e-009,-0.00658919
-2.559534e-009,-0.00338931
-2.459534e-009,-0.00978906
-2.359534e-009,-0.00338931
-2.259534e-009,0.00301044
-2.159534e-009,0.00301044
-2.059534e-009,-0.00658919
-1.959534e-009,-0.00338931
-1.859534e-009,-0.0161888
-1.759534e-009,-0.0129889
-1.659534e-009,-0.0129889
-1.559534e-009,-0.00658919
-1.459534e-009,-0.00338931
-1.359534e-009,-0.000189433
-1.259534e-009,-0.00338931
-1.159534e-009,0.00621032
-1.059534e-009,0.00301044
-9.595341e-010,-0.000189433
-8.595341e-010,-0.00338931
-7.595341e-010,-0.00658919
-6.595341e-010,-0.00338931
-5.595341e-010,-0.00338931
-4.595341e-010,-0.000189433
-3.595341e-010,0.00301044
-2.595341e-010,0.0126101
-1.595341e-010,0.0190098
-5.953413e-011,0.0286095
4.046587e-011,0.0382091
1.404659e-010,0.041409
2.404659e-010,0.0606082
3.404659e-010,0.0702079
4.404659e-010,0.0606082
5.404659e-010,0.067008
6.404659e-010,0.0638081
7.404659e-010,0.0574084
8.404659e-010,0.0574084
9.404659e-010,0.0478087
1.040466e-009,0.041409
1.140466e-009,0.0478087
1.240466e-009,0.0478087
1.340466e-009,0.0478087
1.440466e-009,0.041409
1.540466e-009,0.0382091
1.640466e-009,0.0318093
1.740466e-009,0.0286095
1.840466e-009,0.0318093
1.940466e-009,0.0350092
2.040466e-009,0.0318093
2.140466e-009,0.0222097
2.240466e-009,0.0254096
2.340466e-009,0.0222097
2.440466e-009,0.0286095
2.540466e-009,0.0222097
2.640466e-009,0.01581
2.740466e-009,0.01581
2.840466e-009,0.01581
2.940466e-009,0.0190098
3.040466e-009,0.0190098
3.140466e-009,0.0126101
3.240466e-009,0.0126101
3.340466e-009,0.0094102
3.440466e-009,0.0094102
3.540466e-009,0.01581
3.640466e-009,0.0190098
3.740466e-009,0.0190098
3.840466e-009,0.0126101
3.940466e-009,-0.000189433
4.040466e-009,-0.000189433
4.140466e-009,-0.000189433
4.240466e-009,0.00301044
4.340466e-009,0.00301044
4.440466e-009,-0.000189433
4.540466e-009,0.00301044
4.640466e-009,0.0094102
4.740466e-009,0.00621032
4.840466e-009,0.0126101
4.940466e-009,0.01581
5.040466e-009,0.0094102
5.140466e-009,0.00621032
5.240466e-009,0.0126101
5.340466e-009,0.01581
5.440466e-009,0.0126101
5.540466e-009,0.0190098
5.640466e-009,0.0094102
5.740466e-009,0.00301044
5.840466e-009,0.01581
5.940466e-009,0.0094102
6.040466e-009,0.00621032
6.140466e-009,0.0126101
6.240466e-009,0.0094102
6.340466e-009,0.0190098
6.440466e-009,0.0126101
6.540466e-009,0.01581
6.640466e-009,0.0190098
6.740466e-009,0.0222097
6.840466e-009,0.0254096
6.940466e-009,0.0190098
7.040466e-009,0.0126101
7.140466e-009,0.00621032
7.240466e-009,0.0126101
7.340466e-009,0.0126101
7.440466e-009,0.0094102
7.540466e-009,0.01581
7.640466e-009,0.0126101
7.740466e-009,0.00621032
7.840466e-009,0.0094102
7.940466e-009,0.0222097
8.040466e-009,0.0190098
8.140466e-009,0.0190098
8.240466e-009,0.01581
8.340466e-009,0.0126101
8.440466e-009,0.0126101
8.540466e-009,0.01581
8.640466e-009,0.01581
8.740466e-009,0.0094102
8.840466e-009,0.0126101
8.940466e-009,0.0094102
9.040466e-009,0.0094102
9.140466e-009,0.0126101
9.240466e-009,0.0126101
9.340466e-009,0.0126101
9.440466e-009,0.00621032
9.540466e-009,0.00301044
9.640466e-009,-0.00338931
9.740466e-009,-0.000189433
9.840466e-009,-0.000189433
9.940466e-009,0.00621032
1.004047e-008,0.0094102
1.014047e-008,0.0126101
1.024047e-008,0.0094102
1.034047e-008,0.0094102
1.044047e-008,0.0126101
1.054047e-008,0.00621032
1.064047e-008,0.00301044
1.074047e-008,0.00301044
1.084047e-008,-0.000189433
1.094047e-008,0.00621032
1.104047e-008,0.0094102
1.114047e-008,0.00301044
1.124047e-008,0.00301044
1.134047e-008,0.00301044
1.144047e-008,0.0094102
1.154047e-008,0.01581
1.164047e-008,0.01581
1.174047e-008,0.0190098
1.184047e-008,0.00621032
1.194047e-008,0.00301044
1.204047e-008,0.00301044
1.214047e-008,0.00621032
1.224047e-008,0.0094102
1.234047e-008,0.00621032
1.244047e-008,0.00621032
1.254047e-008,0.01581
1.264047e-008,0.0222097
1.274047e-008,0.0254096
1.284047e-008,0.0190098
1.294047e-008,0.0190098
1.304047e-008,0.0126101
1.314047e-008,0.0126101
1.324047e-008,0.0094102
1.334047e-008,0.0126101
1.344047e-008,0.0126101
1.354047e-008,0.0126101
1.364047e-008,0.0094102
1.374047e-008,0.00621032
1.384047e-008,0.0126101
1.394047e-008,0.0126101
1.404047e-008,0.0094102
1.414047e-008,0.0094102
1.424047e-008,0.00621032
1.434047e-008,0.0094102
1.444047e-008,0.0126101
1.454047e-008,0.0190098
1.464047e-008,0.0126101
1.474047e-008,0.0094102
1.484047e-008,0.0094102
1.494047e-008,0.00621032
1.504047e-008,0.00621032
1.514047e-008,0.0094102
1.524047e-008,0.00621032
1.534047e-008,0.00621032
1.544047e-008,0.0126101
1.554047e-008,0.00301044
1.564047e-008,-0.000189433
1.574047e-008,0.0094102
1.584047e-008,0.0126101
1.594047e-008,0.00301044
1.604047e-008,0.00621032
1.614047e-008,0.0094102
1.624047e-008,0.0094102
1.634047e-008,0.00621032
1.644047e-008,0.00621032
1.654047e-008,0.00621032
1.664047e-008,0.00621032
1.674047e-008,0.0094102
1.684047e-008,0.0094102
1.694047e-008,0.0126101
1.704047e-008,0.00301044
1.714047e-008,-0.00338931
1.724047e-008,-0.000189433
1.734047e-008,0.00301044
1.744047e-008,0.00621032
1.754047e-008,0.0094102
1.764047e-008,0.0094102
1.774047e-008,0.0126101
1.784047e-008,0.0126101
1.794047e-008,0.01581
1.804047e-008,0.01581
1.814047e-008,0.0126101
1.824047e-008,0.0094102
1.834047e-008,0.00301044
1.844047e-008,0.00621032
1.854047e-008,-0.000189433
1.864047e-008,0.00301044
1.874047e-008,0.0094102
1.884047e-008,0.00621032
1.894047e-008,0.0126101
1.904047e-008,0.0126101
1.914047e-008,0.00301044
1.924047e-008,0.00301044
1.934047e-008,0.00621032
1.944047e-008,0.00621032
1.954047e-008,0.0094102
1.964047e-008,0.0094102
1.974047e-008,0.0094102
1.984047e-008,0.00301044
1.994047e-008,-0.000189433
2.004047e-008,-0.000189433
2.014047e-008,-0.000189433
2.024047e-008,0.00301044
2.034047e-008,0.00621032
2.044047e-008,0.00621032
2.054047e-008,0.0126101
2.064047e-008,0.0126101
2.074047e-008,0.0190098
2.084047e-008,0.0190098
2.094047e-008,0.01581
2.104047e-008,0.01581
2.114047e-008,0.0094102
2.124047e-008,0.0094102
2.134047e-008,0.0126101
2.144047e-008,0.00621032
2.154047e-008,0.0126101
2.164047e-008,0.0094102
2.174047e-008,0.00621032
2.184047e-008,0.00621032
2.194047e-008,-0.000189433
2.204047e-008,-0.000189433
2.214047e-008,-0.00338931
2.224047e-008,-0.000189433
2.234047e-008,0.00301044
2.244047e-008,0.00301044
2.254047e-008,-0.000189433
2.264047e-008,0.00301044
2.274047e-008,-0.000189433
2.284047e-008,-0.000189433
2.294047e-008,0.00621032
2.304047e-008,0.00621032
2.314047e-008,-0.00338931
2.324047e-008,0.00301044
2.334047e-008,-0.00338931
2.344047e-008,-0.00338931
2.354047e-008,-0.00338931
2.364047e-008,-0.000189433
2.374047e-008,-0.000189433
2.384047e-008,0.00621032
2.394047e-008,0.0126101
2.404047e-008,0.0190098
2.414047e-008,0.00621032
2.424047e-008,0.00301044
2.434047e-008,-0.000189433
2.444047e-008,0.0094102
2.454047e-008,0.00621032
2.464047e-008,-0.000189433
2.474047e-008,-0.00658919
2.484047e-008,0.00301044
2.494047e-008,0.0094102
2.504047e-008,0.0126101
2.514047e-008,0.00621032
2.524047e-008,0.00621032
2.534047e-008,0.0126101
2.544047e-008,0.00621032
2.554047e-008,0.0094102
2.564047e-008,0.0126101
2.574047e-008,0.00301044
2.584047e-008,-0.000189433
2.594047e-008,-0.000189433
2.604047e-008,0.00301044
2.614047e-008,0.00301044
2.624047e-008,-0.00338931
2.634047e-008,0.00621032
2.644047e-008,0.00621032
2.654047e-008,0.00301044
2.664047e-008,-0.000189433
2.674047e-008,0.0094102
2.684047e-008,0.0126101
2.694047e-008,0.0190098
2.704047e-008,0.0222097
2.714047e-008,0.01581
2.724047e-008,0.01581
2.734047e-008,0.0094102
2.744047e-008,0.0094102
2.754047e-008,0.00621032
2.764047e-008,0.00621032
2.774047e-008,0.0094102
2.784047e-008,0.00301044
2.794047e-008,0.00621032
2.804047e-008,0.0094102
2.814047e-008,0.00301044
2.824047e-008,-0.000189433
2.834047e-008,-0.000189433
2.844047e-008,-0.000189433
2.854047e-008,-0.000189433
2.864047e-008,0.00301044
2.874047e-008,-0.000189433
2.884047e-008,-0.000189433
2.894047e-008,-0.00338931
2.904047e-008,0.00621032
2.914047e-008,0.0126101
2.924047e-008,0.00621032
2.934047e-008,0.00621032
2.944047e-008,0.00621032
2.954047e-008,0.0126101
2.964047e-008,0.0094102
2.974047e-008,0.00621032
2.984047e-008,0.00621032
2.994047e-008,0.00301044
3.004047e-008,0.00621032
3.014047e-008,0.0094102
3.024047e-008,0.0094102
3.034047e-008,0.0126101
3.044047e-008,0.00621032
3.054047e-008,0.0094102
3.064047e-008,0.0094102
3.074047e-008,0.00301044
3.084047e-008,0.00621032
3.094047e-008,0.0094102
3.104047e-008,0.00621032
3.114047e-008,-0.00338931
3.124047e-008,-0.000189433
3.134047e-008,-0.00978906
3.144047e-008,-0.00658919
3.154047e-008,-0.000189433
3.164047e-008,0.00621032
3.174047e-008,-0.000189433
3.184047e-008,-0.000189433
3.194047e-008,-0.000189433
3.204047e-008,-0.00338931
3.214047e-008,-0.000189433
3.224047e-008,-0.000189433
3.234047e-008,-0.000189433
3.244047e-008,-0.000189433
3.254047e-008,0.00301044
3.264047e-008,-0.000189433
3.274047e-008,-0.000189433
3.284047e-008,0.00301044
3.294047e-008,-0.000189433
3.304047e-008,-0.00338931
3.314047e-008,-0.00338931
3.324047e-008,-0.000189433
3.334047e-008,0.00301044
3.344047e-008,0.00301044
3.354047e-008,0.00621032
3.364047e-008,0.0094102
3.374047e-008,0.00621032
3.384047e-008,-0.000189433
3.394047e-008,-0.00338931
3.404047e-008,-0.000189433
3.414047e-008,-0.00658919
3.424047e-008,-0.00338931
3.434047e-008,0.00301044
3.444047e-008,-0.000189433
3.454047e-008,-0.00658919
3.464047e-008,-0.00658919
3.474047e-008,-0.000189433
3.484047e-008,0.00301044
3.494047e-008,0.00621032
3.504047e-008,0.00621032
3.514047e-008,-0.000189433
3.524047e-008,-0.00658919
3.534047e-008,-0.00978906
3.544047e-008,-0.00338931
3.554047e-008,-0.00338931
3.564047e-008,-0.000189433
3.574047e-008,-0.00338931
3.584047e-008,-0.00658919
3.594047e-008,-0.00658919
3.604047e-008,-0.00658919
3.614047e-008,-0.0129889
3.624047e-008,-0.00658919
3.634047e-008,-0.00658919
3.644047e-008,-0.00338931
3.654047e-008,0.0094102
3.664047e-008,0.00621032
3.674047e-008,0.0094102
3.684047e-008,0.00621032
3.694047e-008,-0.00338931
3.704047e-008,0.00301044
3.714047e-008,0.00301044
3.724047e-008,0.00301044
3.734047e-008,-0.000189433
3.744047e-008,-0.000189433
3.754047e-008,0.0094102
3.764047e-008,-0.000189433
3.774047e-008,-0.00658919
3.784047e-008,-0.00658919
3.794047e-008,-0.00658919
3.804047e-008,-0.00338931
3.814047e-008,-0.00658919
3.824047e-008,-0.00978906
3.834047e-008,-0.0129889
3.844047e-008,-0.00658919
3.854047e-008,-0.00658919
3.864047e-008,-0.00338931
3.874047e-008,-0.000189433
3.884047e-008,-0.000189433
3.894047e-008,-0.00338931
3.904047e-008,-0.00658919
3.914047e-008,-0.00338931
3.924047e-008,-0.000189433
3.934047e-008,-0.000189433
3.944047e-008,-0.00338931
3.954047e-008,-0.000189433
3.964047e-008,-0.00338931
3.974047e-008,0.00301044
3.984047e-008,0.00301044
3.994047e-008,0.00301044
4.004047e-008,0.00301044
4.014047e-008,-0.000189433
4.024047e-008,-0.000189433
4.034047e-008,0.00301044
4.044047e-008,0.0094102
4.054047e-008,0.0094102
4.064047e-008,0.00621032
4.074047e-008,0.0094102
4.084047e-008,0.0126101
4.094047e-008,0.0094102
4.104047e-008,-0.000189433
4.114047e-008,-0.00658919
4.124047e-008,-0.00338931
4.134047e-008,-0.000189433
4.144047e-008,-0.00338931
4.154047e-008,-0.000189433
4.164047e-008,-0.00338931
4.174047e-008,0.00301044
4.184047e-008,0.0094102
4.194047e-008,0.00621032
4.204047e-008,-0.000189433
4.214047e-008,-0.00978906
4.224047e-008,-0.00658919
4.234047e-008,-0.0129889
4.244047e-008,-0.0161888
4.254047e-008,-0.0161888
4.264047e-008,-0.00978906
4.274047e-008,-0.00658919
4.284047e-008,0.00621032
4.294047e-008,0.00621032
4.304047e-008,0.00621032
4.314047e-008,-0.000189433
4.324047e-008,-0.00978906
4.334047e-008,-0.00338931
4.344047e-008,0.00301044
4.354047e-008,0.00621032
4.364047e-008,0.00621032
4.374047e-008,0.00301044
4.384047e-008,-0.000189433
4.394047e-008,-0.00658919
4.404047e-008,-0.00338931
4.414047e-008,-0.00658919
4.424047e-008,-0.00338931
4.434047e-008,-0.00658919
4.444047e-008,-0.00338931
4.454047e-008,0.00301044
4.464047e-008,-0.000189433
4.474047e-008,-0.000189433
4.484047e-008,0.00301044
4.494047e-008,-0.00338931
4.504047e-008,-0.00658919
4.514047e-008,0.00301044
4.524047e-008,-0.000189433
4.534047e-008,-0.000189433
4.544047e-008,0.00301044
4.554047e-008,0.00301044
4.564047e-008,-0.00658919
4.574047e-008,-0.00338931
4.584047e-008,0.00301044
4.594047e-008,-0.00338931
4.604047e-008,0.00301044
4.614047e-008,0.00301044
4.624047e-008,-0.000189433
4.634047e-008,0.00621032
4.644047e-008,0.0094102
4.654047e-008,0.00621032
4.664047e-008,-0.00338931
4.674047e-008,-0.00338931
4.684047e-008,-0.000189433
4.694047e-008,-0.000189433
4.704047e-008,0.00301044
4.714047e-008,0.00301044
4.724047e-008,-0.00338931
4.734047e-008,-0.00658919
4.744047e-008,-0.00338931
4.754047e-008,-0.00658919
4.764047e-008,-0.00978906
4.774047e-008,-0.0161888
4.784047e-008,-0.00978906
4.794047e-008,-0.00658919
4.804047e-008,-0.00658919
4.814047e-008,-0.00338931
4.824047e-008,-0.000189433
4.834047e-008,-0.000189433
4.844047e-008,-0.000189433
4.854047e-008,-0.00338931
4.864047e-008,-0.000189433
4.874047e-008,-0.000189433
4.884047e-008,-0.000189433
4.894047e-008,-0.00658919
4.904047e-008,-0.00338931
4.914047e-008,-0.00338931
4.924047e-008,0.00301044
4.934047e-008,0.0094102
4.944047e-008,0.00621032
4.954047e-008,0.01581
4.964047e-008,0.0126101
4.974047e-008,0.00301044
4.984047e-008,0.00621032
4.994047e-008,0.00621032
5.004047e-008,-0.000189433
5.014047e-008,-0.00658919
5.024047e-008,-0.00658919
5.034047e-008,-0.00658919
5.044047e-008,-0.00978906
5.054047e-008,-0.00658919
5.064047e-008,-0.000189433
5.074047e-008,-0.00338931
5.084047e-008,-0.000189433
5.094047e-008,0.00301044
5.104047e-008,0.00301044
5.114047e-008,-0.000189433
5.124047e-008,-0.00338931
5.134047e-008,-0.00658919
5.144047e-008,-0.000189433
5.154047e-008,0.00301044
5.164047e-008,0.00301044
5.174047e-008,0.00621032
5.184047e-008,0.00621032
5.194047e-008,-0.00338931
5.204047e-008,-0.000189433
5.214047e-008,0.00301044
5.224047e-008,-0.00338931
5.234047e-008,0.00301044
5.244047e-008,0.00301044
5.254047e-008,0.00301044
5.264047e-008,0.00621032
5.274047e-008,-0.000189433
5.284047e-008,-0.00338931
5.294047e-008,-0.00658919
5.304047e-008,-0.00338931
5.314047e-008,-0.00658919
5.324047e-008,-0.00338931
5.334047e-008,-0.00978906
5.344047e-008,-0.0129889
5.354047e-008,-0.0129889
5.364047e-008,-0.0129889
5.374047e-008,-0.00978906
5.384047e-008,-0.00338931
5.394047e-008,-0.00338931
5.404047e-008,-0.000189433
5.414047e-008,0.00301044
5.424047e-008,0.0094102
5.434047e-008,0.00621032
5.444047e-008,0.00301044
5.454047e-008,0.00301044
5.464047e-008,0.00301044
5.474047e-008,-0.000189433
5.484047e-008,-0.000189433
5.494047e-008,-0.00338931
5.504047e-008,0.00301044
5.514047e-008,-0.000189433
5.524047e-008,-0.00658919
5.534047e-008,-0.00658919
5.544047e-008,-0.000189433
5.554047e-008,-0.000189433
5.564047e-008,0.00301044
5.574047e-008,0.00621032
5.584047e-008,0.00301044
5.594047e-008,-0.00338931
5.604047e-008,-0.000189433
5.614047e-008,-0.000189433
5.624047e-008,-0.000189433
5.634047e-008,-0.00978906
5.644047e-008,-0.00658919
5.654047e-008,-0.00658919
5.664047e-008,-0.00658919
5.674047e-008,-0.00338931
5.684047e-008,-0.00658919
5.694047e-008,-0.0129889
5.704047e-008,-0.0161888
5.714047e-008,-0.0161888
5.724047e-008,-0.0129889
5.734047e-008,-0.0129889
5.744047e-008,-0.0129889
5.754047e-008,-0.0193887
5.764047e-008,-0.0129889
5.774047e-008,-0.00978906
5.784047e-008,-0.00658919
5.794047e-008,-0.00338931
5.804047e-008,-0.000189433
5.814047e-008,0.00301044
5.824047e-008,0.00621032
5.834047e-008,0.0094102
5.844047e-008,-0.000189433
5.854047e-008,-0.00338931
5.864047e-008,-0.00338931
5.874047e-008,-0.00658919
5.884047e-008,-0.00658919
5.894047e-008,-0.0129889
5.904047e-008,-0.00338931
5.914047e-008,-0.00978906
5.924047e-008,-0.00338931
5.934047e-008,-0.00338931
5.944047e-008,-0.000189433
5.954047e-008,-0.000189433
5.964047e-008,-0.00338931
5.974047e-008,-0.00658919
5.984047e-008,-0.00978906
5.994047e-008,-0.00658919
6.004047e-008,-0.00658919
6.014047e-008,-0.00978906
6.024047e-008,-0.00338931
6.034047e-008,-0.00978906
6.044047e-008,-0.00978906
6.054047e-008,-0.00978906
6.064047e-008,-0.00658919
6.074047e-008,-0.00338931
6.084047e-008,0.00621032
6.094047e-008,0.00621032
6.104047e-008,0.00621032
6.114047e-008,0.0126101
6.124047e-008,0.0094102
6.134047e-008,0.00621032
6.144047e-008,0.00621032
6.154047e-008,-0.00338931
6.164047e-008,0.00301044
6.174047e-008,0.00301044
6.184047e-008,-0.000189433
6.194047e-008,-0.000189433
6.204047e-008,-0.00338931
6.214047e-008,-0.00658919
6.224047e-008,-0.00338931
6.234047e-008,-0.00978906
6.244047e-008,-0.00978906
6.254047e-008,-0.00658919
6.264047e-008,-0.00338931
6.274047e-008,-0.00658919
6.284047e-008,-0.00338931
6.294047e-008,-0.00338931
6.304047e-008,-0.00338931
6.314047e-008,-0.00338931
6.324047e-008,-0.000189433
6.334047e-008,-0.00658919
6.344047e-008,0.00301044
6.354047e-008,-0.00338931
6.364047e-008,-0.000189433
6.374047e-008,-0.000189433
6.384047e-008,0.00301044
6.394047e-008,-0.000189433
6.404047e-008,-0.000189433
6.414047e-008,0.00301044
6.424047e-008,0.00301044
6.434047e-008,-0.00338931
6.444047e-008,0.00301044
6.454047e-008,0.00301044
6.464047e-008,0.00621032
6.474047e-008,0.00621032
6.484047e-008,0.00301044
6.494047e-008,0.00621032
6.504047e-008,0.00301044
6.514047e-008,-0.000189433
6.524047e-008,-0.000189433
6.534047e-008,-0.00658919
6.544047e-008,-0.000189433
6.554047e-008,-0.00338931
6.564047e-008,-0.00338931
6.574047e-008,-0.00338931
6.584047e-008,-0.00338931
6.594047e-008,-0.000189433
6.604047e-008,-0.000189433
6.614047e-008,-0.000189433
6.624047e-008,-0.000189433
6.634047e-008,-0.00338931
6.644047e-008,-0.00338931
6.654047e-008,-0.0129889
6.664047e-008,-0.00658919
6.674047e-008,-0.000189433
6.684047e-008,0.00301044
6.694047e-008,0.00301044
6.704047e-008,-0.000189433
6.714047e-008,-0.00658919
6.724047e-008,-0.00338931
6.734047e-008,-0.00658919
6.744047e-008,-0.00338931
6.754047e-008,-0.00658919
6.764047e-008,-0.00978906
6.774047e-008,-0.00978906
6.784047e-008,-0.00978906
6.794047e-008,-0.00658919
6.804047e-008,-0.00658919
6.814047e-008,-0.00338931
6.824047e-008,-0.000189433
6.834047e-008,-0.00338931
6.844047e-008,-0.00658919
6.854047e-008,-0.00338931
6.864047e-008,0.00301044
6.874047e-008,0.00301044
6.884047e-008,0.00301044
6.894047e-008,-0.000189433
6.904047e-008,0.00621032
6.914047e-008,-0.000189433
6.924047e-008,-0.000189433
6.934047e-008,-0.000189433
6.944047e-008,0.00301044
6.954047e-008,-0.000189433
6.964047e-008,0.00621032
6.974047e-008,-0.000189433
6.984047e-008,-0.00338931
6.994047e-008,-0.00658919
7.004047e-008,0.00301044
7.014047e-008,-0.000189433
7.024047e-008,0.00301044
7.034047e-008,-0.000189433
7.044047e-008,-0.000189433
7.054047e-008,-0.00658919
7.064047e-008,-0.00658919
7.074047e-008,-0.00978906
7.084047e-008,-0.00658919
7.094047e-008,-0.000189433
7.104047e-008,-0.000189433
7.114047e-008,-0.00658919
7.124047e-008,-0.00978906
7.134047e-008,-0.00978906
7.144047e-008,-0.00978906
7.154047e-008,-0.00338931
7.164047e-008,0.00621032
7.174047e-008,-0.000189433
7.184047e-008,-0.000189433
7.194047e-008,0.00621032
7.204047e-008,0.00621032
7.214047e-008,0.00621032
7.224047e-008,0.00301044
7.234047e-008,0.00621032
7.244047e-008,0.00621032
7.254047e-008,0.00301044
7.264047e-008,0.00301044
7.274047e-008,-0.00338931
7.284047e-008,-0.00338931
7.294047e-008,-0.00658919
7.304047e-008,-0.000189433
7.314047e-008,-0.000189433
7.324047e-008,-0.00658919
7.334047e-008,-0.00338931
7.344047e-008,-0.00338931
7.354047e-008,-0.00338931
7.364047e-008,-0.000189433
7.374047e-008,-0.00338931
7.384047e-008,0.00301044
7.394047e-008,0.00301044
7.404047e-008,0.00301044
7.414047e-008,-0.00338931
7.424047e-008,-0.00658919
7.434047e-008,-0.00658919
7.444047e-008,-0.00338931
7.454047e-008,0.00301044
7.464047e-008,-0.000189433
7.474047e-008,0.00301044
7.484047e-008,-0.000189433
7.494047e-008,0.00301044
7.504047e-008,-0.00338931
7.514047e-008,-0.00338931
7.524047e-008,-0.000189433
7.534047e-008,-0.00658919
7.544047e-008,-0.00658919
7.554047e-008,-0.00658919
7.564047e-008,-0.00658919
7.574047e-008,-0.00658919
7.584047e-008,-0.0129889
7.594047e-008,-0.00978906
7.604047e-008,-0.000189433
7.614047e-008,-0.00978906
7.624047e-008,-0.00658919
7.634047e-008,-0.00658919
7.644047e-008,-0.00338931
7.654047e-008,-0.000189433
7.664047e-008,0.00301044
7.674047e-008,0.00621032
7.684047e-008,0.00301044
7.694047e-008,-0.00338931
7.704047e-008,0.00301044
7.714047e-008,-0.000189433
7.724047e-008,-0.000189433
7.734047e-008,0.0094102
7.744047e-008,0.00621032
7.754047e-008,0.0094102
7.764047e-008,0.00621032
7.774047e-008,0.00621032
7.784047e-008,0.00301044
7.794047e-008,-0.000189433
7.804047e-008,-0.000189433
7.814047e-008,0.00301044
7.824047e-008,0.00301044
7.834047e-008,-0.000189433
7.844047e-008,-0.00338931
7.854047e-008,-0.00658919
7.864047e-008,-0.00658919
7.874047e-008,-0.000189433
7.884047e-008,0.00301044
7.894047e-008,-0.00338931
7.904047e-008,-0.00978906
7.914047e-008,-0.0161888
7.924047e-008,-0.0129889
7.934047e-008,-0.0129889
7.944047e-008,-0.00978906
7.954047e-008,-0.00658919
7.964047e-008,-0.00338931
7.974047e-008,-0.00338931
7.984047e-008,-0.000189433
7.994047e-008,0.00301044
8.004047e-008,0.00301044
8.014047e-008,0.00301044
8.024047e-008,-0.00338931
8.034047e-008,-0.000189433
8.044047e-008,-0.00338931
8.054047e-008,-0.000189433
8.064047e-008,-0.000189433
8.074047e-008,-0.00338931
8.084047e-008,-0.00338931
8.094047e-008,-0.000189433
8.104047e-008,-0.000189433
8.114047e-008,-0.000189433
8.124047e-008,0.00301044
8.134047e-008,-0.00338931
8.144047e-008,-0.00658919
8.154047e-008,-0.00338931
8.164047e-008,-0.00658919
8.174047e-008,-0.00978906
8.184047e-008,-0.00658919
8.194047e-008,-0.00338931
8.204047e-008,-0.000189433
8.214047e-008,0.00301044
8.224047e-008,-0.000189433
8.234047e-008,-0.000189433
8.244047e-008,-0.00338931
8.254047e-008,-0.00978906
8.264047e-008,-0.00658919
8.274047e-008,-0.00658919
8.284047e-008,-0.00338931
8.294047e-008,-0.00978906
8.304047e-008,-0.00658919
8.314047e-008,-0.00658919
8.324047e-008,0.00301044
8.334047e-008,0.00301044
8.344047e-008,0.00621032
8.354047e-008,-0.000189433
8.364047e-008,0.00301044
8.374047e-008,-0.000189433
8.384047e-008,0.00301044
8.394047e-008,-0.00338931
8.404047e-008,-0.000189433
8.414047e-008,-0.0129889
8.424047e-008,-0.00978906
8.434047e-008,-0.0129889
8.444047e-008,-0.00658919
8.454047e-008,-0.00658919
8.464047e-008,-0.00978906
8.474047e-008,-0.00658919
8.484047e-008,-0.000189433
8.494047e-008,-0.00338931
8.504047e-008,-0.000189433
8.514047e-008,-0.00978906
8.524047e-008,-0.0129889
8.534047e-008,-0.0161888
8.544047e-008,-0.00978906
8.554047e-008,-0.00658919
8.564047e-008,-0.00338931
8.574047e-008,-0.00978906
8.584047e-008,-0.000189433
8.594047e-008,-0.000189433
8.604047e-008,0.00301044
8.614047e-008,0.00621032
8.624047e-008,0.00621032
8.634047e-008,0.00301044
8.644047e-008,0.00301044
8.654047e-008,-0.000189433
8.664047e-008,0.00301044
8.674047e-008,0.00301044
8.684047e-008,-0.000189433
8.694047e-008,-0.000189433
8.704047e-008,-0.00338931
8.714047e-008,0.00301044
8.724047e-008,-0.000189433
8.734047e-008,-0.00338931
8.744047e-008,-0.000189433
8.754047e-008,0.00301044
8.764047e-008,-0.000189433
8.774047e-008,0.00301044
8.784047e-008,0.00301044
8.794047e-008,-0.00658919
8.804047e-008,-0.00338931
8.814047e-008,-0.00338931
8.824047e-008,0.00301044
8.834047e-008,-0.00338931
8.844047e-008,-0.000189433
8.854047e-008,-0.00338931
8.864047e-008,-0.00338931
8.874047e-008,-0.00658919
8.884047e-008,-0.000189433
8.894047e-008,0.00301044
8.904047e-008,0.00621032
8.914047e-008,0.00301044
8.924047e-008,0.00301044
8.934047e-008,-0.00338931
8.944047e-008,-0.00658919
8.954047e-008,-0.00338931
8.964047e-008,-0.00338931
8.974047e-008,-0.0129889
8.984047e-008,-0.0129889
8.994047e-008,-0.0161888
9.004047e-008,-0.00978906
9.014047e-008,-0.000189433
9.024047e-008,0.00301044
9.034047e-008,-0.00338931
9.044047e-008,-0.00338931
9.054047e-008,-0.00978906
9.064047e-008,-0.0129889
9.074047e-008,-0.0193887
9.084047e-008,-0.00978906
9.094047e-008,-0.00978906
9.104047e-008,-0.00978906
9.114047e-008,-0.00658919
9.124047e-008,-0.00338931
9.134047e-008,-0.00658919
9.144047e-008,-0.00338931
9.154047e-008,-0.00658919
9.164047e-008,-0.0129889
9.174047e-008,-0.00978906
9.184047e-008,-0.00658919
9.194047e-008,-0.00658919
9.204047e-008,-0.00658919
9.214047e-008,-0.00978906
9.224047e-008,-0.00658919
9.234047e-008,-0.000189433
9.244047e-008,-0.00338931
9.254047e-008,0.00621032
9.264047e-008,0.00301044
9.274047e-008,-0.000189433
9.284047e-008,-0.000189433
9.294047e-008,-0.00658919
9.304047e-008,-0.00978906
9.314047e-008,-0.00978906
9.324047e-008,-0.00978906
9.334047e-008,-0.0129889
9.344047e-008,-0.00338931
9.354047e-008,-0.00658919
9.364047e-008,-0.00338931
9.374047e-008,-0.00338931
9.384047e-008,-0.000189433
9.394047e-008,-0.00658919
9.404047e-008,-0.00338931
9.414047e-008,-0.00978906
9.424047e-008,-0.0129889
9.434047e-008,-0.00978906
9.444047e-008,-0.00978906
9.454047e-008,-0.00658919
9.464047e-008,-0.00658919
9.474047e-008,-0.00338931
9.484047e-008,-0.00658919
9.494047e-008,-0.000189433
9.504047e-008,0.00301044
9.514047e-008,-0.000189433
9.524047e-008,-0.00978906
9.534047e-008,-0.00978906
9.544047e-008,-0.00658919
9.554047e-008,-0.00338931
9.564047e-008,-0.000189433
9.574047e-008,-0.00338931
9.584047e-008,0.00301044
9.594047e-008,0.00301044
9.604047e-008,-0.000189433
9.614047e-008,-0.00338931
9.624047e-008,-0.000189433
9.634047e-008,-0.00338931
9.644047e-008,-0.00658919
9.654047e-008,-0.000189433
9.664047e-008,-0.000189433
9.674047e-008,0.00301044
9.684047e-008,0.00301044
9.694047e-008,0.0126101
9.704047e-008,0.0126101
9.714047e-008,0.00301044
9.724047e-008,0.00301044
9.734047e-008,-0.000189433
9.744047e-008,0.00301044
9.754047e-008,-0.000189433
9.764047e-008,-0.000189433
9.774047e-008,-0.00978906
9.784047e-008,-0.00338931
9.794047e-008,-0.000189433
9.804047e-008,-0.000189433
9.814047e-008,-0.000189433
9.824047e-008,-0.00338931
9.834047e-008,-0.00978906
9.844047e-008,-0.00658919
9.854047e-008,-0.00658919
9.864047e-008,-0.00658919
9.874047e-008,-0.00658919
9.884047e-008,-0.000189433
9.894047e-008,-0.00658919
9.904047e-008,-0.00658919
9.914047e-008,-0.00658919
9.924047e-008,-0.00338931
9.934047e-008,-0.00658919
9.944047e-008,-0.00658919
9.954047e-008,-0.00658919
9.964047e-008,-0.00658919
9.974047e-008,-0.00338931
9.984047e-008,-0.00338931
9.994047e-008,-0.00338931
1.000405e-007,-0.00658919
1.001405e-007,-0.00978906
1.002405e-007,-0.00658919
1.003405e-007,-0.00978906
1.004405e-007,-0.00658919
1.005405e-007,-0.0129889
1.006405e-007,-0.00978906
1.007405e-007,-0.00978906
1.008405e-007,-0.00658919
1.009405e-007,-0.000189433
1.010405e-007,-0.000189433
1.011405e-007,-0.00658919
1.012405e-007,-0.00338931
1.013405e-007,-0.000189433
1.014405e-007,-0.00658919
1.015405e-007,-0.00338931
1.016405e-007,0.00301044
1.017405e-007,-0.00658919
1.018405e-007,-0.00338931
1.019405e-007,-0.0129889
1.020405e-007,-0.00658919
1.021405e-007,-0.00658919
1.022405e-007,-0.00338931
1.023405e-007,-0.00338931
1.024405e-007,-0.000189433
1.025405e-007,-0.00658919
1.026405e-007,-0.00978906
1.027405e-007,-0.00978906
1.028405e-007,-0.00658919
1.029405e-007,-0.00978906
1.030405e-007,-0.00658919
1.031405e-007,-0.000189433
1.032405e-007,-0.00338931
1.033405e-007,-0.00338931
1.034405e-007,0.00301044
1.035405e-007,-0.000189433
1.036405e-007,-0.000189433
1.037405e-007,-0.00658919
1.038405e-007,-0.00658919
1.039405e-007,-0.00978906
1.040405e-007,-0.00978906
1.041405e-007,-0.00978906
1.042405e-007,-0.00978906
1.043405e-007,-0.00978906
1.044405e-007,-0.00658919
1.045405e-007,-0.00338931
1.046405e-007,-0.000189433
1.047405e-007,-0.00338931
1.048405e-007,-0.00658919
1.049405e-007,-0.00978906
1.050405e-007,-0.000189433
1.051405e-007,-0.00658919
1.052405e-007,-0.00338931
1.053405e-007,-0.00978906
1.054405e-007,-0.000189433
1.055405e-007,0.00301044
1.056405e-007,0.00301044
1.057405e-007,0.00621032
1.058405e-007,-0.000189433
1.059405e-007,0.00301044
1.060405e-007,0.00621032
1.061405e-007,0.00301044
1.062405e-007,-0.000189433
1.063405e-007,-0.00338931
1.064405e-007,-0.00658919
1.065405e-007,-0.00978906
1.066405e-007,-0.00978906
1.067405e-007,-0.0129889
1.068405e-007,-0.0129889
1.069405e-007,-0.0129889
1.070405e-007,-0.00338931
1.071405e-007,-0.00338931
1.072405e-007,0.00301044
1.073405e-007,-0.00658919
1.074405e-007,-0.00658919
1.075405e-007,-0.00978906
1.076405e-007,-0.00338931
1.077405e-007,-0.00338931
1.078405e-007,-0.000189433
1.079405e-007,0.00621032
1.080405e-007,-0.000189433
1.081405e-007,-0.000189433
1.082405e-007,-0.000189433
1.083405e-007,-0.00658919
1.084405e-007,-0.000189433
1.085405e-007,0.00301044
1.086405e-007,0.00301044
1.087405e-007,0.00621032
1.088405e-007,0.00621032
1.089405e-007,0.00301044
1.090405e-007,-0.00338931
1.091405e-007,-0.000189433
1.092405e-007,-0.00658919
1.093405e-007,-0.00658919
1.094405e-007,-0.00658919
1.095405e-007,-0.00978906
1.096405e-007,-0.00658919
1.097405e-007,-0.00658919
1.098405e-007,-0.00978906
1.099405e-007,-0.00978906
1.100405e-007,-0.00658919
1.101405e-007,-0.00978906
1.102405e-007,-0.00658919
1.103405e-007,-0.000189433
1.104405e-007,-0.000189433
1.105405e-007,-0.000189433
1.106405e-007,-0.000189433
1.107405e-007,-0.00658919
1.108405e-007,-0.00338931
1.109405e-007,-0.00338931
1.110405e-007,-0.00338931
1.111405e-007,-0.00658919
1.112405e-007,-0.00338931
1.113405e-007,-0.00658919
1.114405e-007,-0.00338931
1.115405e-007,-0.000189433
1.116405e-007,-0.00338931
1.117405e-007,-0.00338931
1.118405e-007,-0.000189433
1.119405e-007,0.0094102
1.120405e-007,0.00621032
1.121405e-007,-0.00658919
1.122405e-007,-0.00338931
1.123405e-007,-0.00338931
1.124405e-007,-0.000189433
1.125405e-007,-0.000189433
1.126405e-007,-0.00338931
1.127405e-007,-0.00338931
1.128405e-007,0.00301044
1.129405e-007,0.00621032
1.130405e-007,-0.000189433
1.131405e-007,-0.00978906
1.132405e-007,-0.0161888
1.133405e-007,-0.0161888
1.134405e-007,-0.00658919
1.135405e-007,-0.00658919
1.136405e-007,0.00301044
1.137405e-007,-0.00338931
1.138405e-007,-0.00338931
1.139405e-007,-0.000189433
1.140405e-007,-0.00658919
1.141405e-007,0.00301044
1.142405e-007,0.00301044
1.143405e-007,-0.00658919
1.144405e-007,-0.00658919
1.145405e-007,-0.000189433
1.146405e-007,0.00301044
1.147405e-007,0.0094102
1.148405e-007,0.0094102
1.149405e-007,0.0094102
1.150405e-007,0.00621032
1.151405e-007,0.0094102
1.152405e-007,0.00621032
1.153405e-007,0.00621032
1.154405e-007,0.00301044
1.155405e-007,-0.00338931
1.156405e-007,-0.00338931
1.157405e-007,-0.00338931
1.158405e-007,-0.00338931
1.159405e-007,-0.00658919
1.160405e-007,-0.00658919
1.161405e-007,-0.00658919
1.162405e-007,-0.00338931
1.163405e-007,-0.00338931
1.164405e-007,-0.00338931
1.165405e-007,-0.00338931
1.166405e-007,0.00301044
1.167405e-007,-0.00338931
1.168405e-007,-0.000189433
1.169405e-007,-0.000189433
1.170405e-007,-0.00338931
1.171405e-007,-0.00658919
1.172405e-007,-0.00658919
1.173405e-007,-0.00338931
1.174405e-007,-0.000189433
1.175405e-007,-0.000189433
1.176405e-007,0.00301044
1.177405e-007,0.00621032
1.178405e-007,0.00301044
1.179405e-007,-0.00978906
1.180405e-007,-0.00658919
1.181405e-007,-0.00658919
1.182405e-007,-0.00658919
1.183405e-007,-0.000189433
1.184405e-007,-0.00338931
1.185405e-007,-0.00338931
1.186405e-007,-0.00658919
1.187405e-007,-0.00658919
1.188405e-007,-0.00338931
1.189405e-007,-0.00338931
1.190405e-007,-0.00338931
1.191405e-007,-0.00978906
1.192405e-007,-0.0161888
1.193405e-007,-0.0129889
1.194405e-007,-0.0129889
1.195405e-007,-0.00978906
1.196405e-007,-0.000189433
1.197405e-007,-0.00658919
1.198405e-007,-0.000189433
1.199405e-007,-0.00338931
1.200405e-007,-0.00338931
1.201405e-007,-0.00658919
1.202405e-007,-0.000189433
1.203405e-007,-0.00658919
1.204405e-007,-0.00658919
1.205405e-007,0.00301044
1.206405e-007,-0.000189433
1.207405e-007,-0.000189433
1.208405e-007,0.00301044
1.209405e-007,0.00301044
1.210405e-007,0.00301044
1.211405e-007,-0.00338931
1.212405e-007,-0.000189433
1.213405e-007,0.00301044
1.214405e-007,0.00301044
1.215405e-007,0.00301044
1.216405e-007,0.00301044
1.217405e-007,0.00621032
1.218405e-007,0.00621032
1.219405e-007,-0.00338931
1.220405e-007,0.00301044
1.221405e-007,-0.00338931
1.222405e-007,0.00301044
1.223405e-007,-0.00338931
1.224405e-007,-0.000189433
1.225405e-007,-0.00338931
1.226405e-007,-0.00338931
1.227405e-007,-0.00658919
1.228405e-007,-0.00658919
1.229405e-007,-0.0129889
1.230405e-007,-0.00658919
1.231405e-007,-0.00978906
1.232405e-007,-0.000189433
1.233405e-007,-0.00658919
1.234405e-007,-0.00658919
1.235405e-007,-0.00658919
1.236405e-007,-0.00658919
1.237405e-007,-0.00658919
1.238405e-007,0.00301044
1.239405e-007,-0.00338931
1.240405e-007,-0.00338931
1.241405e-007,-0.00658919
1.242405e-007,-0.000189433
1.243405e-007,-0.00338931
1.244405e-007,-0.00338931
1.245405e-007,-0.00658919
1.246405e-007,-0.00978906
1.247405e-007,-0.00658919
1.248405e-007,-0.000189433
1.249405e-007,-0.00338931
1.250405e-007,-0.00658919
1.251405e-007,-0.00658919
1.252405e-007,-0.00658919
1.253405e-007,-0.00658919
1.254405e-007,-0.00658919
1.255405e-007,-0.00978906
1.256405e-007,-0.00658919
1.257405e-007,-0.0161888
1.258405e-007,-0.00978906
1.259405e-007,-0.0161888
1.260405e-007,-0.0129889
1.261405e-007,-0.0129889
1.262405e-007,-0.00658919
1.263405e-007,-0.00658919
1.264405e-007,-0.00658919
1.265405e-007,-0.00338931
1.266405e-007,-0.00658919
1.267405e-007,0.00301044
1.268405e-007,0.00301044
1.269405e-007,0.00621032
1.270405e-007,0.00621032
1.271405e-007,0.00621032
1.272405e-007,0.00301044
1.273405e-007,0.00301044
1.274405e-007,0.00621032
1.275405e-007,0.00301044
1.276405e-007,0.00621032
1.277405e-007,0.0094102
1.278405e-007,0.00621032
1.279405e-007,0.00621032
1.280405e-007,0.00301044
1.281405e-007,0.00301044
1.282405e-007,-0.000189433
1.283405e-007,-0.00338931
1.284405e-007,-0.00338931
1.285405e-007,-0.00338931
1.286405e-007,-0.00338931
1.287405e-007,-0.00658919
1.288405e-007,-0.000189433
1.289405e-007,-0.00658919
1.290405e-007,-0.00338931
1.291405e-007,-0.00978906
1.292405e-007,-0.00658919
1.293405e-007,-0.00658919
1.294405e-007,-0.00658919
1.295405e-007,-0.00658919
1.296405e-007,-0.00658919
1.297405e-007,-0.00978906
1.298405e-007,-0.00978906
1.299405e-007,-0.0129889
1.300405e-007,-0.00658919
1.301405e-007,-0.000189433
1.302405e-007,-0.00658919
1.303405e-007,-0.00978906
1.304405e-007,-0.00658919
1.305405e-007,-0.00338931
1.306405e-007,-0.000189433
1.307405e-007,0.00301044
1.308405e-007,-0.00338931
1.309405e-007,-0.000189433
1.310405e-007,-0.000189433
1.311405e-007,-0.00338931
1.312405e-007,0.00301044
1.313405e-007,0.00301044
1.314405e-007,-0.000189433
1.315405e-007,-0.00658919
1.316405e-007,-0.00978906
1.317405e-007,-0.00978906
1.318405e-007,-0.0129889
1.319405e-007,-0.0161888
1.320405e-007,-0.0193887
1.321405e-007,-0.0193887
1.322405e-007,-0.0225886
1.323405e-007,-0.00658919
1.324405e-007,-0.0129889
1.325405e-007,-0.0129889
1.326405e-007,-0.0129889
1.327405e-007,-0.00978906
1.328405e-007,-0.00978906
1.329405e-007,-0.0129889
1.330405e-007,-0.00658919
1.331405e-007,-0.00658919
1.332405e-007,-0.00658919
1.333405e-007,-0.00658919
1.334405e-007,0.00301044
1.335405e-007,-0.000189433
1.336405e-007,0.00301044
1.337405e-007,-0.00658919
1.338405e-007,-0.00338931
1.339405e-007,-0.000189433
1.340405e-007,0.00301044
1.341405e-007,-0.00658919
1.342405e-007,-0.00338931
1.343405e-007,-0.00338931
1.344405e-007,-0.00658919
1.345405e-007,-0.00658919
1.346405e-007,-0.00658919
1.347405e-007,-0.00978906
1.348405e-007,-0.00978906
1.349405e-007,-0.00658919
1.350405e-007,-0.00338931
1.351405e-007,-0.000189433
1.352405e-007,-0.000189433
1.353405e-007,-0.00978906
1.354405e-007,-0.00978906
1.355405e-007,-0.00338931
1.356405e-007,0.00301044
1.357405e-007,0.00301044
1.358405e-007,0.0094102
1.359405e-007,-0.000189433
1.360405e-007,-0.00658919
1.361405e-007,-0.00978906
1.362405e-007,-0.00338931
1.363405e-007,-0.00338931
1.364405e-007,-0.000189433
1.365405e-007,-0.000189433
1.366405e-007,0.00621032
1.367405e-007,0.00301044
1.368405e-007,-0.00338931
1.369405e-007,-0.000189433
1.370405e-007,-0.000189433
1.371405e-007,-0.00338931
1.372405e-007,-0.000189433
1.373405e-007,-0.00338931
1.374405e-007,-0.00338931
1.375405e-007,-0.00338931
1.376405e-007,-0.000189433
1.377405e-007,-0.00658919
1.378405e-007,-0.00658919
1.379405e-007,-0.00978906
1.380405e-007,-0.0129889
1.381405e-007,-0.00978906
1.382405e-007,-0.0129889
1.383405e-007,-0.0129889
1.384405e-007,-0.00978906
1.385405e-007,-0.0161888
1.386405e-007,-0.0161888
1.387405e-007,-0.00658919
1.388405e-007,-0.00338931
1.389405e-007,-0.00658919
1.390405e-007,-0.00658919
1.391405e-007,-0.00978906
1.392405e-007,-0.00338931
1.393405e-007,-0.00338931
1.394405e-007,-0.00338931
1.395405e-007,-0.00978906
1.396405e-007,-0.0129889
1.397405e-007,-0.0129889
1.398405e-007,-0.00338931
1.399405e-007,0.00301044
1.400405e-007,0.00301044
1.401405e-007,-0.00658919
1.402405e-007,-0.00338931
1.403405e-007,-0.00658919
1.404405e-007,0.00301044
1.405405e-007,0.00301044
1.406405e-007,0.00301044
1.407405e-007,0.00301044
1.408405e-007,-0.000189433
1.409405e-007,-0.000189433
1.410405e-007,0.00621032
1.411405e-007,0.00621032
1.412405e-007,-0.000189433
1.413405e-007,-0.00658919
1.414405e-007,-0.0129889
1.415405e-007,-0.0129889
1.416405e-007,-0.00978906
1.417405e-007,-0.00978906
1.418405e-007,-0.00338931
1.419405e-007,-0.00658919
1.420405e-007,-0.000189433
1.421405e-007,-0.00338931
1.422405e-007,-0.00658919
1.423405e-007,-0.00658919
1.424405e-007,-0.00658919
1.425405e-007,-0.00978906
1.426405e-007,-0.00658919
1.427405e-007,-0.00658919
1.428405e-007,0.0094102
1.429405e-007,0.0126101
1.430405e-007,0.0094102
1.431405e-007,0.00621032
1.432405e-007,-0.00338931
1.433405e-007,-0.0129889
1.434405e-007,-0.0161888
1.435405e-007,-0.0161888
1.436405e-007,-0.00338931
1.437405e-007,-0.00338931
1.438405e-007,-0.000189433
1.439405e-007,0.00301044
1.440405e-007,-0.000189433
1.441405e-007,-0.000189433
1.442405e-007,-0.00658919
1.443405e-007,-0.00978906
1.444405e-007,-0.0129889
1.445405e-007,-0.0161888
1.446405e-007,-0.0161888
1.447405e-007,-0.00978906
1.448405e-007,-0.00658919
1.449405e-007,-0.00658919
1.450405e-007,-0.00978906
1.451405e-007,-0.00978906
1.452405e-007,-0.00978906
1.453405e-007,-0.000189433
1.454405e-007,0.00301044
1.455405e-007,-0.00338931
1.456405e-007,-0.00658919
1.457405e-007,-0.00338931
1.458405e-007,-0.00338931
1.459405e-007,-0.000189433
1.460405e-007,0.00621032
1.461405e-007,0.00301044
1.462405e-007,0.00621032
1.463405e-007,0.00621032
1.464405e-007,0.00301044
1.465405e-007,-0.00338931
1.466405e-007,-0.00658919
1.467405e-007,-0.00338931
1.468405e-007,-0.00658919
1.469405e-007,0.00301044
1.470405e-007,0.00301044
1.471405e-007,0.00301044
1.472405e-007,0.00301044
1.473405e-007,-0.00338931
1.474405e-007,-0.00658919
1.475405e-007,-0.00658919
1.476405e-007,-0.00978906
1.477405e-007,-0.0129889
1.478405e-007,-0.00978906
1.479405e-007,-0.00978906
1.480405e-007,-0.00658919
1.481405e-007,-0.000189433
1.482405e-007,0.00301044
1.483405e-007,0.00301044
1.484405e-007,0.00301044
1.485405e-007,-0.00338931
1.486405e-007,-0.00338931
1.487405e-007,-0.00658919
1.488405e-007,-0.00338931
1.489405e-007,-0.000189433
1.490405e-007,0.00301044
1.491405e-007,-0.000189433
1.492405e-007,-0.00338931
1.493405e-007,-0.00338931
1.494405e-007,-0.000189433
1.495405e-007,-0.000189433
1.496405e-007,-0.00338931
1.497405e-007,-0.00978906
1.498405e-007,-0.00978906
1.499405e-007,-0.0129889
1.500405e-007,-0.00658919
1.501405e-007,-0.000189433
1.502405e-007,-0.00338931
1.503405e-007,-0.00338931
1.504405e-007,-0.00338931
1.505405e-007,-0.00658919
1.506405e-007,-0.00978906
1.507405e-007,-0.0129889
1.508405e-007,-0.00978906
1.509405e-007,-0.0129889
1.510405e-007,-0.00978906
1.511405e-007,-0.00658919
1.512405e-007,-0.00978906
1.513405e-007,-0.00978906
1.514405e-007,-0.00978906
1.515405e-007,-0.0161888
1.516405e-007,-0.00978906
1.517405e-007,-0.00658919
1.518405e-007,-0.000189433
1.519405e-007,-0.00658919
1.520405e-007,0.00301044
1.521405e-007,0.00301044
1.522405e-007,0.00621032
1.523405e-007,0.00301044
1.524405e-007,-0.000189433
1.525405e-007,-0.00338931
1.526405e-007,0.00301044
1.527405e-007,-0.00658919
1.528405e-007,-0.00658919
1.529405e-007,-0.00978906
1.530405e-007,-0.00658919
1.531405e-007,-0.000189433
1.532405e-007,0.00301044
1.533405e-007,0.00301044
1.534405e-007,-0.000189433
1.535405e-007,0.00301044
1.536405e-007,0.00301044
1.537405e-007,-0.00338931
1.538405e-007,-0.00658919
1.539405e-007,-0.00978906
1.540405e-007,-0.00978906
1.541405e-007,-0.00658919
1.542405e-007,0.00301044
1.543405e-007,-0.000189433
1.544405e-007,-0.000189433
1.545405e-007,-0.00978906
1.546405e-007,-0.00978906
1.547405e-007,-0.00978906
1.548405e-007,-0.00658919
1.549405e-007,-0.00658919
1.550405e-007,-0.00658919
1.551405e-007,-0.00658919
1.552405e-007,-0.00658919
1.553405e-007,-0.00978906
1.554405e-007,-0.00978906
1.555405e-007,-0.00978906
1.556405e-007,-0.00978906
1.557405e-007,-0.00658919
1.558405e-007,-0.00338931
1.559405e-007,-0.00658919
1.560405e-007,-0.00658919
1.561405e-007,-0.000189433
1.562405e-007,0.00301044
1.563405e-007,-0.00658919
1.564405e-007,-0.00338931
1.565405e-007,-0.00658919
1.566405e-007,-0.00338931
1.567405e-007,-0.00658919
1.568405e-007,-0.000189433
1.569405e-007,-0.00338931
1.570405e-007,-0.00978906
1.571405e-007,-0.00658919
1.572405e-007,-0.0129889
1.573405e-007,-0.00978906
1.574405e-007,-0.00978906
1.575405e-007,-0.00658919
1.576405e-007,-0.000189433
1.577405e-007,0.00301044
1.578405e-007,-0.000189433
1.579405e-007,-0.000189433
1.580405e-007,-0.000189433
1.581405e-007,-0.00658919
1.582405e-007,-0.00658919
1.583405e-007,-0.00658919
1.584405e-007,-0.00978906
1.585405e-007,-0.00978906
1.586405e-007,-0.00658919
1.587405e-007,-0.00658919
1.588405e-007,0.00301044
1.589405e-007,-0.00338931
1.590405e-007,-0.00338931
1.591405e-007,-0.00978906
1.592405e-007,-0.00978906
1.593405e-007,-0.00658919
1.594405e-007,-0.000189433
1.595405e-007,-0.00338931
1.596405e-007,0.00301044
1.597405e-007,0.00301044
1.598405e-007,0.00301044
1.599405e-007,-0.00338931
1.600405e-007,0.00301044
1.601405e-007,-0.000189433
1.602405e-007,-0.00338931
1.603405e-007,-0.00338931
1.604405e-007,-0.00658919
1.605405e-007,-0.0161888
1.606405e-007,-0.0161888
1.607405e-007,-0.00658919
1.608405e-007,-0.000189433
1.609405e-007,-0.00338931
1.610405e-007,-0.00658919
1.611405e-007,-0.00658919
1.612405e-007,-0.00978906
1.613405e-007,-0.00978906
1.614405e-007,-0.00658919
1.615405e-007,-0.00338931
1.616405e-007,-0.00658919
1.617405e-007,-0.00978906
1.618405e-007,-0.00658919
1.619405e-007,-0.00658919
1.620405e-007,-0.000189433
1.621405e-007,0.00301044
1.622405e-007,0.00301044
1.623405e-007,-0.00338931
1.624405e-007,-0.00338931
1.625405e-007,-0.00338931
1.626405e-007,-0.00338931
1.627405e-007,0.00301044
1.628405e-007,0.00621032
1.629405e-007,-0.000189433
1.630405e-007,-0.000189433
1.631405e-007,-0.00658919
1.632405e-007,-0.00978906
1.633405e-007,-0.00658919
1.634405e-007,-0.00978906
1.635405e-007,-0.00658919
1.636405e-007,-0.00658919
1.637405e-007,-0.0193887
1.638405e-007,-0.0193887
1.639405e-007,-0.0129889
1.640405e-007,-0.00338931
1.641405e-007,-0.00658919
1.642405e-007,-0.00338931
1.643405e-007,-0.00338931
1.644405e-007,-0.00338931
1.645405e-007,-0.00338931
1.646405e-007,-0.00338931
1.647405e-007,-0.00658919
1.648405e-007,-0.00978906
1.649405e-007,-0.00978906
1.650405e-007,-0.00658919
1.651405e-007,-0.00658919
1.652405e-007,-0.00658919
1.653405e-007,-0.00658919
1.654405e-007,-0.00658919
1.655405e-007,-0.00978906
1.656405e-007,-0.0129889
1.657405e-007,-0.00658919
1.658405e-007,-0.00338931
1.659405e-007,-0.000189433
1.660405e-007,0.00301044
1.661405e-007,-0.00338931
1.662405e-007,0.00301044
1.663405e-007,0.00301044
1.664405e-007,-0.00338931
1.665405e-007,-0.00338931
1.666405e-007,-0.00338931
1.667405e-007,-0.00658919
1.668405e-007,-0.00338931
1.669405e-007,-0.00338931
1.670405e-007,-0.000189433
1.671405e-007,-0.00338931
1.672405e-007,-0.00338931
1.673405e-007,-0.000189433
1.674405e-007,0.00621032
1.675405e-007,0.00621032
1.676405e-007,0.00301044
1.677405e-007,0.00301044
1.678405e-007,-0.00658919
1.679405e-007,-0.00338931
1.680405e-007,-0.00338931
1.681405e-007,-0.00338931
1.682405e-007,0.00301044
1.683405e-007,-0.000189433
1.684405e-007,0.00621032
1.685405e-007,0.00621032
1.686405e-007,0.00301044
1.687405e-007,-0.00658919
1.688405e-007,-0.00338931
1.689405e-007,-0.00658919
1.690405e-007,-0.00338931
1.691405e-007,-0.000189433
1.692405e-007,0.00621032
1.693405e-007,-0.00338931
1.694405e-007,-0.00978906
1.695405e-007,-0.00978906
1.696405e-007,-0.00978906
1.697405e-007,-0.0161888
1.698405e-007,-0.00978906
1.699405e-007,-0.00978906
1.700405e-007,-0.00658919
1.701405e-007,-0.00978906
1.702405e-007,-0.0129889
1.703405e-007,-0.00658919
1.704405e-007,-0.00978906
1.705405e-007,-0.00658919
1.706405e-007,-0.000189433
1.707405e-007,-0.00338931
1.708405e-007,0.00301044
1.709405e-007,-0.000189433
1.710405e-007,-0.00338931
1.711405e-007,-0.00338931
1.712405e-007,-0.000189433
1.713405e-007,-0.000189433
1.714405e-007,0.00301044
1.715405e-007,-0.000189433
1.716405e-007,0.00621032
1.717405e-007,0.01581
1.718405e-007,0.0094102
1.719405e-007,0.0094102
1.720405e-007,0.00301044
1.721405e-007,-0.000189433
1.722405e-007,-0.00658919
1.723405e-007,-0.00978906
1.724405e-007,-0.00658919
1.725405e-007,-0.00658919
1.726405e-007,-0.00658919
1.727405e-007,-0.00978906
1.728405e-007,-0.0129889
1.729405e-007,-0.0129889
1.730405e-007,-0.00978906
1.731405e-007,-0.00658919
1.732405e-007,-0.00978906
1.733405e-007,-0.00978906
1.734405e-007,-0.000189433
1.735405e-007,-0.00338931
1.736405e-007,0.0094102
1.737405e-007,-0.000189433
1.738405e-007,0.00301044
1.739405e-007,0.00301044
1.740405e-007,-0.00338931
1.741405e-007,-0.00658919
1.742405e-007,-0.00658919
1.743405e-007,-0.00978906
1.744405e-007,-0.000189433
1.745405e-007,-0.00658919
1.746405e-007,-0.000189433
1.747405e-007,-0.00658919
1.748405e-007,-0.00338931
1.749405e-007,-0.000189433
1.750405e-007,-0.000189433
1.751405e-007,-0.00978906
1.752405e-007,-0.0129889
1.753405e-007,-0.0129889
1.754405e-007,-0.00658919
1.755405e-007,-0.00338931
1.756405e-007,-0.00658919
1.757405e-007,-0.00658919
1.758405e-007,-0.00338931
1.759405e-007,-0.00978906
1.760405e-007,-0.00658919
1.761405e-007,-0.00978906
1.762405e-007,-0.00978906
1.763405e-007,-0.0129889
1.764405e-007,-0.00338931
1.765405e-007,-0.00658919
1.766405e-007,-0.000189433
1.767405e-007,-0.000189433
1.768405e-007,0.00301044
1.769405e-007,-0.00338931
1.770405e-007,-0.00338931
1.771405e-007,-0.00658919
1.772405e-007,-0.00658919
1.773405e-007,-0.00338931
1.774405e-007,0.00301044
1.775405e-007,0.00301044
1.776405e-007,0.0094102
1.777405e-007,0.00301044
1.778405e-007,0.00301044
1.779405e-007,-0.00338931
1.780405e-007,-0.00338931
1.781405e-007,-0.00658919
1.782405e-007,-0.00978906
1.783405e-007,-0.00978906
1.784405e-007,-0.00978906
